f1,f2,f3,f4,f5,f6,iqa
2.0874003705275253,1.9581913576251142,1.8615789310946573,1.852744460645571,0.6644388145626101,-2.1434517793478594,-54.962159312
1.935379536425115,1.990246088273758,1.8857672492175142,1.916774886761572,0.5286355181984579,-2.1061564569709805,-54.963547517
2.212020321541912,1.9282971209805357,1.7558850623667486,1.8540389452388177,0.33001459813617007,-3.1399496397225293,-54.94632507
2.5377649422860156,1.868095737675624,1.5546640185016378,2.0117600825182462,0.349243978205674,-2.4890778671531204,-54.92655499
1.6077848584728178,2.0056592897134684,1.9986806928252503,1.839450865822909,0.5616567761468904,-2.372059722283892,-54.940530909
2.264126139103385,2.0206512473262803,1.9211237403593946,2.358279757448858,0.26873864392349717,-1.4812318241888425,-54.928737316
1.9384232234387104,1.723474567527245,2.1066676899729915,1.826598064998699,0.5592965076806632,-2.1127944618818626,-54.957059567
1.8628699065912617,1.9585178669964691,1.7688759129271918,1.9319442904906636,0.4491043437114637,-2.728550194774584,-54.959519991
2.0389078353969152,1.9309008607105105,2.446945471160655,1.9987500237064464,0.6154585962944471,-1.9514395591718539,-54.967917854
2.010006009034363,1.9511622463868232,2.078324038001346,2.1283197488764602,0.009377346037790689,1.5413636703840035,-54.951673754
2.1293516794840537,1.9941175990782312,2.0148447210791693,1.9657038804293216,0.3527388858407095,-2.676671496037336,-54.955376089
1.9635194208012234,1.9306637822998511,2.3001371001583966,1.8565608883762543,0.3816320297994236,-2.4353786457739814,-54.964949766
2.0038762186827417,1.8841753062873163,2.0766699220133304,1.9511161669466164,0.1653633878281529,3.140798561524336,-54.957716136
1.8812694712858038,2.053040827761056,1.3723061526409694,1.991791488709149,0.446697147397893,-2.140332736572903,-54.953278978
1.9249880937985433,2.2419980179326315,1.57252764415252,2.02071223758289,0.3547731724771141,-2.554469873126439,-54.945096131
1.7820404440058393,1.8810124004949074,1.869717457514588,1.9279753354538154,1.0909309236929836,-2.0789965085378683,-54.969156386
2.036041810418874,1.926846784464184,2.1465356752901257,2.114360720276511,0.9225667916238821,-2.1744227765660247,-54.966858071
1.856713152959217,1.9342217130170078,1.951006634846604,1.658931830669383,0.944560199950036,-1.9314355494662847,-54.95543587
2.018784187132716,2.0217000982383864,1.9873092040611904,1.9874962410903918,0.07476494068663839,2.284739582195229,-54.952599797
1.779524583204702,2.0729977420370242,1.696881850394765,2.2468014104619236,0.3654232328999854,-2.9412296815660772,-54.939240256
2.45801686725431,2.091846133056182,1.9553835187332023,2.118831126778099,0.13469319745837266,-1.9380579103944955,-54.926023217
2.0101908304580944,2.093630486985359,1.618552529789881,2.314298285735401,0.24684314713851152,-2.7503729835246986,-54.93564288
2.2824713421718177,1.9485735796908465,1.658585188080473,1.8948029824289627,0.3887899797618409,-1.5237227466914969,-54.943904193
1.9538013418559554,2.0010237121178793,2.151523196057448,2.0613178984821636,0.1789779007471421,0.15571058337556543,-54.954475629
1.8758308321616874,2.181374827302344,1.9177513652519576,2.2406086947149775,0.23849944456463126,-1.4088764219297174,-54.939449829
1.9462589429608848,1.872600973838172,2.061458447486479,1.914660433485106,0.13430094489356714,-0.7461601408900039,-54.95744976
2.029113092203828,1.7679042641944094,2.038200241513345,1.952445049620524,0.12157905522169067,-1.4960093058604707,-54.952016755
2.218272710136347,1.986533541884201,1.5820170872365238,2.083181718187855,0.4744949226604312,-1.9249320245782584,-54.946151741
2.0800031682306424,2.0462207780816177,1.975840353950082,2.2826381345262328,0.4195033503587153,-1.8662244022644612,-54.945298084
1.877058787355453,1.923049325934877,1.782865749554761,1.8391552050125264,0.137411177344543,3.108515792948452,-54.952627931
2.4672450428039676,2.071653620243772,1.6073470576216815,2.1104349927846187,0.5663305845780259,-2.3437063110288268,-54.931336797
1.9616999887970141,2.123803726945315,1.8564210368096021,1.9520835145068993,0.387212716669815,-1.4468140213193263,-54.953779934
2.287870097302547,2.0286994303451817,1.6410840624571152,2.3157810082578734,0.3701304793237229,-2.8061965641311883,-54.927931446
2.1162835533082482,1.9857978849693354,2.113338061482919,1.9873135301388791,0.04065632866926732,2.7007306357396264,-54.952519958
1.8948245029732729,1.9983012697596627,2.047128522387654,1.9177166749371315,0.15779783663268143,-0.7216299604029645,-54.956747423
2.048277722207221,1.9704157806531797,2.0695817497559497,2.110808043770996,0.02486505833011899,0.5579715635034487,-54.950719967
2.092687791059234,2.118667128829945,1.9642122482684279,1.9501839331491397,0.2263976049362606,-1.1637870232412355,-54.949156518
2.0608743620398924,2.0388920680837486,1.961981130159484,2.1595870133559427,0.15206296647541906,2.519278955614633,-54.944989986
1.9958845446201492,2.0167240554772237,2.162619880070333,2.03285209113158,0.2065522388178718,-0.2715190241777265,-54.95505142
1.8715448833477728,1.8370557968078727,1.906103372457422,1.992598155324361,0.3721496681246522,-1.1153717152342586,-54.95549091
2.0315286449680103,1.7799902473756666,2.023815377407491,1.9523953220544643,0.10096598765168831,2.788067639993261,-54.951481216
2.04962113183126,1.930581830951468,1.7194281655733188,1.7382578350824684,0.412922107022061,-2.70090665208949,-54.950035727
2.078888630287069,1.988414056447712,2.056066439063883,2.083533874647965,0.03763065726471599,0.2257289178839753,-54.95003627
1.760532316192863,1.8952341585251287,1.898637528102453,1.9308170544675063,0.2914612958586671,-1.617442127954826,-54.953582712
1.9338638207162901,1.9465908165007244,2.362406365603063,1.992403007188182,0.40361173997456357,-1.228764151106996,-54.965585015
1.8868079573830614,1.9299711422326595,2.1649665174176533,1.9634469999804383,0.3549851474354722,-1.3474194878694232,-54.962844054
2.013555537845564,2.1935839020150456,1.6051643959557256,1.9653987693724309,0.47337189754815606,3.0544143493094618,-54.947685219
1.8735923877646454,2.1103286121065117,1.8172604918459592,2.0232778170328523,0.8298614527913853,-2.7761559042226334,-54.961508944
2.0157738306195343,1.9417276600131705,1.861184161073664,1.7193396737823843,0.2617831030058425,-1.3772648121589248,-54.947371927
2.1141770246052474,1.9899708150892768,2.006791851441964,1.9475018630856207,0.09437245476921505,2.474260647745953,-54.950976075
1.9776909593899805,1.9588704543197908,1.5940072645537762,2.085226546173973,0.37708601163129807,-3.0792621262355824,-54.951872768
1.8996761979050245,1.9377070738898756,1.8496803277618152,2.3073803734974687,0.10090387131714534,-2.047044657073334,-54.941291247
1.838461506655885,1.8677732954005761,2.121857978127303,2.137923557562026,0.6275647486672654,-2.441105187867793,-54.960224085
1.7777979616515776,2.087636208995702,1.7525620856883033,2.1388665330284113,0.4385348093891284,3.066292962929251,-54.944195763
1.862077607092447,1.8589075932713184,1.896889752984196,1.7677903614304975,0.8557487181899212,-2.439800674521492,-54.963742728
2.0769745896363694,2.131327202693351,1.9173243296921048,2.1655746026883014,0.16471676408621977,2.7959458101846772,-54.9408018
2.041049260673413,1.9823631883061905,1.9802169977183164,2.1380661328524226,0.14486407842771762,2.423921723714839,-54.947999539
2.0365911880394245,1.8466921788244879,1.6102417165894651,2.251654377987217,0.3772214859932655,-1.6726740759059904,-54.942274894
1.803482115824433,1.8460159713488653,2.1582650779632404,1.7111059655289074,0.4905334390518136,-1.8653553763906952,-54.953380989
2.2595657537173506,1.9166419100092404,1.9643213828138568,1.828611360157763,1.0181771624128741,-1.7443129537519022,-54.958763777
2.319553534883885,2.2041942045857135,1.9675519260960166,2.0692771864297708,0.18538337517988288,-2.334299767726651,-54.932297001
1.800490425067356,1.924495147582475,1.7625915069670126,1.9622197313699707,0.3690421146036239,3.0963639423561613,-54.953767402
2.119795102384272,2.2175751394062795,1.636060572570723,2.047903384455082,0.5555049170562097,-1.7641190433382143,-54.944427237
1.7205236349701036,1.9110004635477977,1.8336775320484002,1.6988836727194478,0.19939325292713753,-2.4051810592128313,-54.93837411
2.2829316205000794,1.9574751602718359,1.7106001108295876,1.862429973138897,0.5209859285928131,-1.301269169790415,-54.944832558
2.0396528030180527,2.0030516657288797,1.7824407342859854,2.231082774153262,0.28799835520255174,-1.4836145548515993,-54.943980051
2.487812864960056,1.8684004197397401,2.1009959546203434,2.0372578137786617,0.5142013427364128,-1.9689406654582158,-54.93793231
1.918055146152942,1.9350492383652884,2.0570166691622345,1.9127236209649467,0.14725304383844215,-0.695419981580157,-54.957819207
1.8981282103005084,1.9349948641781445,1.4946736888758627,2.235529533136699,0.38652783171467314,-2.4211519458871993,-54.94623887
1.9228763374395135,1.96800137033401,2.025160065770574,1.809520391244884,0.1316053129861048,-1.0414128846743302,-54.955120082
2.0855677369945678,2.203677581144994,1.7708169742900188,1.9296427058844152,0.3088413027680812,-2.9502409172884807,-54.945225347
2.048221661800842,1.9302916173128533,1.794482266813446,2.2645784893541325,0.19659095196785048,-1.2527634531498688,-54.941078694
1.9063807596680464,1.7652277352623236,1.8286065279513626,1.8907096355719721,0.17365511397764433,-3.036973414287492,-54.950585141
2.465512090749368,1.895784318663581,1.6008679856746768,1.909005960306911,0.309407556348309,-2.633388187724937,-54.93191947
1.6377398576783233,1.916818801951781,1.7024386458077183,1.8230959918656042,0.33045795146746904,-1.8743194356432427,-54.937751734
1.7252863096217446,1.9292365124271156,2.1368466218282998,2.0314125453513605,0.8597670422385725,-1.8528772179302686,-54.961699081
1.6597806004296818,1.8133929974894325,1.8048272258917022,1.8327937960663154,0.5058955364131865,-2.53530719971183,-54.943873314
1.8799168633816408,2.1386809178861497,1.9887437524525273,1.9687711729909614,0.18350843586729423,-1.1312466311307319,-54.951346372
2.1665035415164415,1.923048571741201,2.1086675636946826,1.8430014374797226,0.4689174698157041,-1.8752803234597633,-54.957076566
1.8868473273036535,2.196585536534817,2.205062287350612,2.0245887147514154,0.7309488519188932,-1.981927268217272,-54.960380422
1.8929884450769086,1.873020783515942,1.902840447873982,2.2222998944538053,0.2633318053419213,-3.118658837881744,-54.947267892
1.7031535798521933,2.0138066567662873,1.92246915284229,2.0451011306313402,0.3147075035898823,-2.4235679217804384,-54.946809224
2.241596957798927,1.9832320150031628,1.8017503131150965,2.298408532951278,0.7385807076975082,-2.5045957900372744,-54.941831633
2.3990142332977817,1.9891452370517113,2.1518491672619144,2.0837438246822217,0.5068486349024065,-2.048938049299338,-54.942675317
2.0913581695025867,2.091872042152706,1.9558949347118202,1.9341194063125398,0.25955223334664274,-1.0162845383507453,-54.949994309
1.8474861892488788,1.8757921158283126,1.698213430666713,1.81285177217023,0.722915789467465,-1.8226787449975472,-54.961453354
2.2024174302912725,1.9698798067302568,1.8497331592385278,1.865720947373008,0.6391202505039071,-2.8586413081677864,-54.953947836
1.84767991792459,1.874336420114231,2.2436880012012077,1.737763584230286,1.0147174694226015,-1.9485270040122056,-54.965248752
1.918747207860213,1.741810868661697,1.8179272952624204,1.8829599175796943,0.45226472832191544,-1.4098213897562635,-54.952605771
1.9099444503403622,1.7849982032424856,1.4611219447053498,1.9613975930489198,0.4385352507519245,-2.7055395982643144,-54.953660205
1.945951740669333,1.918032364562982,1.9597071222156297,2.2546184748088605,0.0312863991581959,-2.228109741650746,-54.945105522
2.305564720585988,2.1953798405500122,1.709713233148772,2.034041463725183,0.7797172560070742,-2.2753580871298675,-54.944141987
2.1923182757103055,1.953590991624276,2.008250280846269,2.2261081015816404,0.25936561986281736,-1.462313050916071,-54.942027964
2.140903889073321,2.0460875238004426,1.8773751128685632,1.9530331743934677,0.0961435776664592,2.8585216145455554,-54.946908055
1.9599500721128633,1.7434870570146708,1.937880274979454,1.8471288701588633,0.164330993739825,-2.110362370541168,-54.950269584
1.7747326854387993,1.9434693512084513,1.9813055849345123,2.090748660405233,0.14760951827466412,3.0966258952440633,-54.949310932
1.8171077902009567,2.093712667036337,1.4661314224231288,1.9173554316565842,0.4815800020346473,-2.768509268305258,-54.952641116
2.028863039276498,1.8993290484049568,1.728959917179505,2.050668165716189,0.2349695917951524,-1.184486201429792,-54.950154482
2.3945789761655556,1.9519054759259191,1.7316786518695153,1.8668482826285884,0.6248063344083152,-2.423556417637212,-54.943994927
2.0610182100844496,2.179722933301121,1.8623624820304803,2.1211864645833467,0.18912647325743012,3.1271161514035035,-54.941397126
2.1363820404114295,1.9648766992712279,1.9343371079186762,2.115947846480392,0.2120883816120573,3.075526600157818,-54.946801255
2.1527809967245797,2.110578527995054,1.8618015067122586,1.8780028331289835,0.21341618322536102,-2.0790934289535645,-54.946648621
2.2720512112261093,2.171490836868713,1.503594535107754,2.03608899281593,0.41992619077633014,-2.5711473762509542,-54.936868572
1.8495129345510664,1.8067136163826143,1.7816430274503798,1.8775108979674011,0.2769769650281558,-2.3820389486087037,-54.953864343
2.279696635773175,1.99467020721491,1.9730281423997849,2.3304673814493793,0.44573947722990287,-1.7689505077289176,-54.934583757
2.0187008165578613,1.919321415886673,1.7826105151157048,2.2587077362728105,0.023010592671486228,-2.814547771344382,-54.940526696
1.9072673545483858,2.096024005797489,2.0892018857435697,2.003366748766301,0.7664375728951188,-1.5545982837222776,-54.963777447
1.876579394835175,1.9863528440139204,1.7870950358163515,1.7136557049822094,0.2635184348724485,-2.8297686419686325,-54.94687168
2.0693418768913587,2.047048965692587,1.9521908183599546,2.0311643809602438,0.093465364411086,2.7453488457070625,-54.949333647
1.9913759559310544,2.1792009592062924,2.1630408042261537,2.000623385940916,0.7456463528510626,-2.249900005478594,-54.961561519
1.8324527596263382,1.9927656496324055,1.9420914489486,2.126782628839713,0.18291340412720264,-1.4527322034348924,-54.950432148
2.0905637385258484,2.024072546282499,1.7598831259366183,1.9857322539476003,0.40428319630479853,2.9483296814343936,-54.950781838
2.231397709539583,1.8677511402134788,1.7447293836468158,1.7776815717804997,0.3546918604069166,-1.3356560341070933,-54.94183836
2.3215031974911846,2.0162977391508843,1.603730012350235,1.8470230219752781,0.3449976835878381,-2.0007880387512516,-54.939615262
1.8234889839881254,1.9329845036206952,1.8487668732532534,1.8680563642540862,0.1627544532928121,-1.053915827158585,-54.952706001
1.8745418323521605,1.9872128421150888,2.1954495497067006,2.242924443504918,0.5492197268261917,-2.0581659733338085,-54.956424459
1.8085842628163,1.9425127664754254,2.0295526332459315,2.1603993748416506,0.07363551134033977,-1.7483288513980342,-54.949075696
2.16190269844316,1.8510668360796028,2.0301007356476872,1.7320375909700394,0.7752569938318647,-1.7787295145875164,-54.953965022
1.9377840232868957,1.8113950878839589,1.7707337190607657,2.1774009783455583,0.7598778693083977,-1.9317292005777034,-54.956818862
1.775637665550909,2.0445661293280915,1.8576593226149412,2.1465857214478175,0.5902154527613973,-1.5109453302825795,-54.950083592
2.0161725525964136,2.0483369651347387,1.756456819901824,2.175165722486479,0.264197723748573,-1.3092126027693827,-54.944797331
1.8243145358430308,1.8917870923587659,1.9696841440512831,1.8157500449651236,0.39747093807828326,-3.0069926242088805,-54.956501461
1.6380946730684531,2.07412542000874,1.878366283434818,1.9749161251547596,0.23233569344513694,-2.5672778450969767,-54.93632413
1.9901784435237557,1.763827350905405,1.8804185941000713,1.8984903789981054,0.6579885055960195,-1.6644170139565246,-54.959420361
1.988562464217119,2.05752374107652,2.0402803571224273,1.7349589755092074,0.3830656217455786,-2.4018685578234305,-54.952563342
2.1618864585107045,1.9523166092111135,1.581305406500577,2.1744676276571346,0.5400525099349575,-2.7481679107807655,-54.94621587
2.02552923947573,1.9800472758662353,1.7958029441528927,1.7540337252232077,0.2022487856851309,-1.7991942821858096,-54.948478689
2.244939258015287,2.0566738967569465,1.6356942897547009,2.2722329727064348,0.4038344409161798,-2.6927876935420616,-54.932958929
2.081244082773346,1.9860270370692206,2.1427966151261386,2.091012820392852,0.24814926290755693,-1.2074880186928045,-54.953884061
2.0427928399126087,1.9494611048100394,1.816018983992438,2.30448652286517,0.18520931577256083,-1.341866563319946,-54.93945915
1.6288534467263516,2.076473598719229,1.6694402927479706,1.931738709981543,0.47537728321037664,-2.103365750386749,-54.937819427
1.9343810020553922,1.7935432504635294,1.9925993091268341,2.034124452583958,0.4989714009126487,-2.8086757939422458,-54.958168645
1.7688820980602487,2.052349155369255,1.7468335435638145,2.113481780952923,0.4270912593105379,-3.05291877293228,-54.946717826
1.9048063110463387,2.0914570929855953,1.5462399126506396,2.2700832548163383,0.320618128559336,-2.297056173961934,-54.940062887
1.914326920891538,2.0304409939163515,2.1975275251410715,1.9365777591220974,0.473410139187739,-2.6389047636211593,-54.963834227
2.110707516850161,2.137836754631463,2.0511548337961862,2.0298801079873945,0.13330545534678773,-1.5251714952901136,-54.947287297
1.9446596225719874,2.0615694620374474,1.9985304192181819,2.2412137500724425,0.14174066694603943,-2.597029449356811,-54.945477936
2.3415000753037973,1.8116343375373152,1.7010516452817468,1.9650074942486904,0.5984376971174932,-2.422319760250678,-54.944386656
2.2648962587020893,1.9914923542040932,1.9708004590857549,2.3317413666163405,0.2637860501547698,-1.4378686936103793,-54.93140925
1.732318219553763,2.035038252234315,1.940940026511252,2.1480945891911474,0.8458294278556755,-2.540568697814849,-54.954026645
1.9434835330579283,2.241093507820564,1.7589272949487966,2.196731533359618,0.544816157682168,-2.6458506236372776,-54.943928661
1.949461159460477,1.918910430605277,2.0791565424050593,2.062098699531,0.09876294749424783,2.9576001740862927,-54.955807847
1.9976802275779295,1.9604745606116492,2.378978826243521,2.055449227054,0.3672391467896895,-1.4002629345576671,-54.963456704
1.9129919223817464,1.8245403795843373,1.994406457241264,1.7809342313963028,0.183175471985418,-1.358101078877725,-54.952805889
1.755355868411126,1.7339382487426012,2.047651467264067,1.8584309465637552,0.5668921264023361,-1.8472327766416832,-54.952844555
1.744131940591564,1.9292807741631917,1.8639997075546364,1.7251469532168993,0.19699837664487577,-2.2281287547692687,-54.943236681
2.1491289864619514,2.068241191724392,1.6265778949011582,2.034761417995599,0.27222302674300697,3.0955725378879873,-54.943707738
2.1077408421967485,1.9834614848197132,2.1220100791138434,1.96407939102922,0.02882383313641283,-3.0746876361800743,-54.953562765
1.9484756225852946,2.14294322503799,1.9108258872510537,1.8392629061906305,0.6426457057449672,-1.730100499256741,-54.958187237
1.8155120791996107,1.9421371237618774,1.5260850607771341,1.9142513197456135,0.32669330359249876,-1.8365217230714568,-54.952901244
1.8747074956510803,2.1422153064487395,2.087867490825246,2.0856215728123977,0.20090538637435848,-1.9566266515881063,-54.951293988
2.064881485614544,1.8158680472159299,1.9079341415199689,1.7544685352401468,0.2549731954824135,-2.5231583384441127,-54.948310539
2.208083266875187,1.978354177047117,1.970993203169102,2.156955384360212,0.27897461898606135,-2.4249187280965536,-54.944830617
1.799937982844862,1.8627025917332134,2.055643679114795,2.016724038121218,0.09702192938164404,-2.756612128075323,-54.953920672
1.8972698522000468,1.9083025393873891,1.7819934249296623,1.9282920710228315,0.10609906353927763,2.986237635463246,-54.953518359
2.075148727884314,2.1585161227536216,1.6206688447771012,1.9143930847426458,0.4182644623294899,3.038152628666924,-54.946745392
2.337475576279375,1.9830908678001442,1.8895826752528124,1.886413534904619,0.22444426156619265,-1.6732187126012212,-54.940898893
1.9415473733236692,2.1306392690824176,1.9002137532745706,1.8909274045495652,0.5031062564924964,-2.996824680654669,-54.955975694
2.022232077646099,1.9827364308107238,1.6925543665558076,1.7851825595567874,0.44236829979568343,-3.000152890548127,-54.952793501
1.8272638165238255,2.112051985442534,1.69168965202621,1.8871560615672136,0.8887831220204118,-2.573380070898959,-54.962712284
1.9152126987217875,2.216525831667839,1.9041182893522228,2.2473267126498917,0.2575417439044618,-1.4451059714820933,-54.937877877
2.1703222145871175,1.99845241876443,1.4593907768191072,1.9342280705649855,0.46265290210296217,-2.2150757537506527,-54.950439363
2.323032688122495,2.1862995398048897,2.0863941315581935,2.0535739167246634,0.3341980004725417,-1.9522361719450994,-54.937477686
1.8627069433954382,1.8778474945026578,1.6603615860975431,1.7573314026455245,0.28521747232102457,-2.01518113888609,-54.949892215
2.040737183524741,1.9404053708066045,1.808225983944599,2.303149105578924,0.695303926536546,-2.231941195238934,-54.950791251
1.7309428887477905,1.9962517541735918,1.9263519364842054,1.848745593985825,0.2407396783884151,-1.8671881880579124,-54.949642171
1.7817021153068213,2.045256588405855,1.8563034429269718,2.187611305317197,0.5094225886817284,-1.7609631551697327,-54.948495631
2.4470161099474437,1.8788454547299809,2.011108968628177,1.9170076001918221,0.49379144236701544,-1.882553140621209,-54.941220897
2.077962262449964,2.067869630131966,2.0123772391622343,1.876271631210125,0.4309491424190693,-1.3099203643827713,-54.955214102
2.1260539656951214,1.9621400426669293,2.0139653101228188,1.9494524431832572,0.37916895020019986,-3.078968019469713,-54.95479893
2.0187772372156965,1.97440736777913,1.9633289352327652,2.239570401350034,0.1795725493811465,-2.9086477942089046,-54.946010079
1.8958190595014281,2.1587391367359916,1.9611989211666332,1.9926575655916299,0.19887489513323325,-1.3313157631574535,-54.95042294
1.7951351744022668,1.7675416708216558,2.233205304167894,2.0115869619765583,0.5340914278179273,-2.0971168208562285,-54.958827064
1.750361277267052,1.91562752209514,1.575086552730342,1.697729133763867,0.3795136269183637,-2.512525952332679,-54.941213431
1.8498316338895324,2.036728342293074,1.6976532804168454,2.096186669957861,0.477808624866133,-1.4609500885239919,-54.951501226
1.7485727720980928,1.7583113709464298,1.6083844237965232,1.8733536565249878,0.36727569887033773,-2.765283235872141,-54.945611633
1.9972329596065008,1.7596061760057582,1.5973603186835554,1.872146674670585,0.6287996690628498,-2.138008390671922,-54.956779074
2.220334113155803,1.9022300945432429,1.754296034231177,1.8326734908403453,0.30412766723610946,-2.9924400837420158,-54.945337347
1.9184218865886358,1.7250438946125877,2.291790261282353,1.9375500132032006,0.5114734949909383,-1.7543020936229472,-54.959775454
1.9956247241761533,1.964087015720242,1.7671942681553439,2.105612021042175,0.23567880207794234,-2.744701819588804,-54.95115516
1.9221605414362763,1.8561911636734025,1.8924023835219586,2.0342839154754273,0.4504822067906068,-3.0845811813046082,-54.957344408
1.998312617242524,1.9960155903316832,2.0495188745690514,1.7218743790116529,0.8873063071111473,-2.2114867601620936,-54.961638217
1.9925236318872737,1.8428181516778448,1.9518477147624993,2.0708183837234255,0.24519326930247248,-2.992627981348743,-54.953611203
1.783868334129375,1.8372467055079624,1.8580532179464813,1.959730507503775,1.027694245098564,-2.43541648625402,-54.966856359
1.973805518465119,1.8315086173510882,2.033435416811102,1.9021265425809515,0.20747422390741777,-1.179453833341638,-54.956835421
1.9426797119610146,2.0889108982751523,1.5995802241864283,1.7552236846550655,0.4060350240343765,-2.2149463465072454,-54.949007119
1.9538123172161204,2.030479961783103,1.9176657536271837,2.120136180719759,0.30106293685501184,-3.130131824149954,-54.951606294
2.035335463007027,2.210207338277401,1.61446717030297,2.093403825961393,0.3437923639608863,-2.0894690174948196,-54.942829658
1.877562655342503,1.913331327859633,1.8825209209587088,2.2225431200270034,0.26742006621468467,-3.0859653521098425,-54.947357247
1.9050019420582156,1.9429771499451851,2.05753491861976,2.0609809978077855,0.5266771901825188,-2.823576418860524,-54.961427605
2.0980980343308766,1.9621955010055956,1.674842463224123,1.9575194742034612,0.5447146936043489,-1.664834529593229,-54.956404044
2.0279293964795015,2.0454747087914815,1.4948767314130684,1.8820961449186195,0.5527160192824088,-2.8332602944420535,-54.956004625
1.815545195868884,1.8951635591292413,2.066446928312941,1.9938035966150913,0.11561838534484589,-2.9915266065377963,-54.9557665
2.3966083695694866,1.972840697951988,1.928701129572298,2.0790831899042272,0.1433913269389871,-1.7246235962875436,-54.934162014
1.9456894682188963,1.9770468513018196,1.8940127545477683,2.1086867215927483,0.23777448855526306,-1.8020978355603636,-54.953593795
1.8832901645522335,2.0871494688155035,1.7575731911676775,2.1095197788607236,0.4381883183694693,2.971100676343913,-54.94881633
1.7226905835168747,1.9355693668411955,1.586899670973893,2.063514420921437,0.3513374091205589,-2.7067109751665073,-54.945713373
2.02153326441074,1.8039101657456476,1.7592718905235414,1.9345631585583178,0.5194307400981886,-1.411308183039721,-54.955576302
1.824458817468357,1.9603935595243638,1.8777937180613287,1.880311780928329,0.16475760280226695,-1.1946781432566373,-54.95352225
2.0213116666734323,2.032880524730206,1.875605903249398,1.9350707310445276,0.5233727016863979,3.140444456666448,-54.957350291
2.152470220279212,1.9535851197152372,1.7970089998083285,1.91638741771675,0.4200985607959163,-1.2174992910857467,-54.951232967
1.9803554820551408,1.9132576885901103,2.163952231449651,2.2821674582191935,0.8838930347309675,-1.9926083063414706,-54.959310103
1.8685920463148913,1.9919245632291642,2.101378426459696,2.0381635623982706,0.14096128177148312,-1.7163736778017475,-54.957151582
2.408961436359176,1.9329531196193395,1.5407041191875026,2.0816779796510665,0.3922931214570168,-2.355491418013078,-54.934168109
1.8848003822272617,2.180182025200337,2.0166334387781695,2.2173655365894676,0.6248613829375729,-1.7875206445377265,-54.94947137
1.887299586230682,1.9756046145766974,1.6803327239344812,2.0168479375231727,0.39900788167757206,-3.0552737264379544,-54.955309445
1.986314047567843,2.0097943619468515,2.105362383301735,2.0590554436139707,0.17379841171225788,-2.8167809482103396,-54.95612998
1.9888912490444828,2.066047374428406,1.4926353680154893,1.9646872975299887,0.7761523387056072,-2.623273612015675,-54.962086772
1.9637995694515065,2.035654065408067,1.8233292871260758,1.96723207757096,0.3578525951491817,-2.784263826938025,-54.956833796
2.223649352405568,1.948959213974941,1.653636583962776,1.9271562014138406,0.5264875813207557,-1.4805256352863632,-54.949360108
2.2186044244020975,2.048885594305955,1.9181833593239155,2.12525847184962,0.3969382993405135,-2.873196671012653,-54.943954449
1.8163785696701877,1.8774459429697095,1.7683506732766532,1.9876050368818203,0.4315829013278884,-1.8246176041752344,-54.95697571
1.933127353469514,1.8130438950194185,2.077294107042121,1.874360348438739,0.6473234794548836,-1.538338729419351,-54.964058613
2.2045237423536204,2.045021757708034,2.063169200659669,2.215823951426113,0.640713842520343,-1.8573767136395751,-54.94837969
2.202085120221548,2.0757135823619355,1.6714358823874724,1.9374930419708842,0.6151006639288834,-2.2170392286587073,-54.952524203
1.9609297522389453,1.7782004828552893,1.8733540451553208,1.901945324824257,0.6092718229066196,-2.784515587735807,-54.959638692
2.0365600587214434,1.8875953640229468,2.2494345091601073,2.077898127528189,0.5612922217327418,-1.8334301678906642,-54.963375838
2.3233567874989185,2.0012243571170947,1.9399739847098907,1.942879934383831,0.1399831041141616,-2.582797698547683,-54.940990346
1.8498495015847967,1.9806428221406123,2.2989548584872765,1.868586123396393,0.31864225292348547,-2.3043658186774616,-54.963400648
1.8621600659604396,1.9462072344748058,1.8516081340396273,2.1850306051911264,0.4533747258955939,-2.556583778611501,-54.953275391
2.0749913121768127,2.0191745350914143,1.7095610788454285,1.8694374115475805,0.2662399890347566,-2.737560725317684,-54.951284515
1.6427051352461735,1.9743028572421777,1.6731232395761686,1.8379931039153485,0.3614163257568364,-1.9569243417176554,-54.938873848
1.9142981027949864,1.9268878009943646,1.7057244922002375,1.992923102683367,0.44147553638715603,-2.9386755331048686,-54.958011234
1.8674232896926053,1.9671963861271518,2.0559651645144457,2.13489383314406,0.14232580047750856,-2.9552266604025674,-54.952723282
2.196611382517185,1.984920578177138,1.8947553343061132,2.090241846283629,0.40454509371580166,-2.9145832901432893,-54.947637411
2.024477801503297,2.0141279240438594,1.5663260076148187,1.9878349641124498,0.3794854217232231,-3.131661848546701,-54.95232889
1.9542466317598972,1.9344829153770862,1.933737121263018,2.0813599706049972,0.28998637087850815,-1.2390388781494088,-54.954814897
1.8531612332821894,1.9612497368021526,1.6928140995405478,2.0201272773731236,0.38612309042502585,-2.976881355196087,-54.954977167
2.266137913683225,2.0075954445312667,1.6476408186059037,2.2921817246074925,0.35706132875834284,-2.8331032674131187,-54.930724422
1.915795717707922,1.8441658821055478,1.7559137582983668,1.895056969615275,0.6710735697591076,-2.868845402920375,-54.962590639
1.8696716623591125,1.9101564455434592,1.857850402385085,1.9337059949696005,0.35019005940337383,-2.9966516636452436,-54.957973936
2.0227820877987206,1.9594746212002012,1.7052320161509011,2.0462823615755172,0.6115855961643304,-2.7302867079525663,-54.959399057
2.02051153197894,1.9381171598091596,1.8640502120811089,1.9852541346966155,0.41346926211091795,-2.969715964496627,-54.957751938
1.8352906172267194,1.9358949611618332,1.8484182389750015,1.9151796959019722,0.1917783358288837,-1.1248230864010802,-54.95397286
1.9743960746094547,1.9732136948802692,1.9696443738116347,2.0985345612185156,0.25674697300407057,-3.0587210133205684,-54.953944509
1.833829869270276,2.0205109706035786,1.6052747101108076,1.8561159070017366,0.3595165052848893,-2.771228430673322,-54.953247869
2.5361042414812167,1.8662942883786187,1.5666786476173218,1.9771308625118502,0.33528130565798947,-2.5378674362805,-54.927012086
1.9417218967886996,1.9528532346684195,1.9109257573621217,1.8415380297263957,0.35804413231521076,-2.5811955575055356,-54.959221913
1.8642786748513924,1.9602185928005373,1.5654903273044531,2.0307335319219857,0.5663214226274862,-2.2041705305160275,-54.959157502
1.8401634422071311,1.9870073019581076,1.6532592125530894,1.935333306566849,0.41052209119388905,-2.7358539476314916,-54.956566219
1.829914119548714,1.9636751395216023,1.600065721631086,1.9921513901985783,0.5869474090038808,-2.6352735140736328,-54.959595147
2.233988576688271,2.195706871179609,1.9620942302479938,2.0339286429875285,0.21069287545554768,-2.391674923062444,-54.938916128
1.949112068788888,1.9317973582341421,1.8970316415909276,2.0045708725943943,0.388323536993377,-2.806233767059616,-54.959308907
1.938972976572767,2.119223647895987,1.8548495299637235,1.986313992218451,0.2836549090271862,-2.5964855125191226,-54.953265735
2.4851916013843023,1.9637503093309168,1.633426012851339,2.081163064513477,0.5855526705269811,-2.380007942988855,-54.934311573
1.9139609787560758,2.0919236073821783,1.9207005914442767,2.1904955522365746,0.548784181651312,-2.558919879955703,-54.952893303
2.1598924960692782,1.9592760754166485,1.8081745056890441,1.8522787736107296,0.2517971409116295,-2.616336984950477,-54.949568392
1.971103328302465,1.7954789167399898,1.8609498580025314,1.8680568651882135,0.20186128557446434,-1.6188233352781443,-54.952848651
2.0528498173613445,1.9367131483146436,1.666720969641499,2.1123252123159157,0.3798549538872612,-2.4551507685091036,-54.951782148
1.7511411278812188,1.9208720966227604,2.110804900926753,1.9546535547951054,0.7069769946588625,-1.9644213200524256,-54.96325532
2.019628328112961,2.164413366631141,1.838136529546594,1.9947238723623057,0.5848906590523794,-2.74026117275477,-54.955165429
1.838500878063254,1.8648941785858346,1.924892347970982,2.0072292053086693,0.35793955437848357,-1.111317469748216,-54.955295061
1.9658934469379616,2.09436842458077,2.006095987449364,1.8836522344847046,0.7076483372439788,-2.785000401907469,-54.962426629
1.8084775060089935,1.905046208271085,1.801806912310927,2.002045744743694,0.43193719070878334,-2.7781470057344277,-54.956682862
1.886709388267789,1.8976555458772992,1.669500806332573,1.9860244368837858,0.3273390710183489,-3.0617030523282405,-54.954909561
1.9226001607355692,1.9871221478040322,1.8892113410770688,1.9533233584638492,0.39990790040311747,-2.8475631957105425,-54.959583997
2.042501286304974,1.8508125726901645,1.8163724185708496,1.9215033928399383,0.6604687096714932,-2.706179417459876,-54.961884068
2.0478817787177253,2.0060795254455708,1.8997189266301757,1.8773899196517387,0.5360454911479291,-2.6949039077287176,-54.959960481
1.9617001713001343,1.9914204121022343,1.6672974459487444,1.832633534902042,0.5717450747194508,-2.560871702113705,-54.960125044
1.872047482339336,2.0860732263560733,1.726962415244471,1.94446127264097,0.3761021711105622,-2.8243133394433992,-54.954298613
2.125843780051186,1.9361979452551348,1.7202691105328978,2.0110388274024937,0.5648396568428351,-2.689398714313213,-54.956158229
2.204652572905852,1.9679163396120976,1.7217369359646166,1.9134115465980401,0.5066952388310044,-2.72873848267271,-54.951849933
1.8805878598746921,1.82425381883318,1.5104953622595827,1.930522136779305,0.4749698039740947,-2.66122382643152,-54.956775484
2.065063816681428,2.003324130172439,1.732585636771954,2.0600023070957936,0.43464147467675146,-2.892484815043782,-54.953041026
2.025079763322792,2.051814208814577,1.759941070673817,2.0340193122065235,0.4205264937349265,2.938187895631717,-54.951156726
2.0627302075527982,1.8993873066797988,1.8456628375296402,1.9117370651562853,0.6449929341103154,-2.5453272940312006,-54.962772085
1.9147139820613583,1.9872075615915585,1.8154624820131589,1.9801843359747109,0.40007738506165397,-2.4202137763854608,-54.959549757
2.001628361825307,2.011288610294067,1.9290136388933812,2.1275017926944892,0.8160572969159663,-2.4905258773573222,-54.962563826
2.226544715583042,2.0696236708070135,1.7860132094518253,1.9424322296474095,0.6307184718007801,-2.4218372442704976,-54.952612762
1.8765065044593696,1.9343044092058617,1.9491973152742104,2.0878658866172572,0.6434418974907626,-2.5411242851166485,-54.9624267
2.025237673155655,2.0340744042027694,1.9723103911456574,2.050840412403481,0.09267636524773117,2.881704485009576,-54.95104765
1.8598679821721351,1.8805482068182722,1.9590438023664458,1.8874031217165343,0.2792352437741591,-2.738953178279475,-54.958346503
1.9564074578394997,1.9916612263800135,1.8025699704899973,2.1622957578384074,0.19962407209869654,-2.3259291067612784,-54.94918117
1.9174825868350256,1.9775443179824646,1.9550633685684093,1.8366554677383715,0.3136054597360631,-2.685724811918011,-54.9583477
1.98273615743484,2.0308776000353896,2.0331735149210584,2.2514262944114836,0.7625426377882556,-2.035972818900125,-54.957020462
1.9325289613240495,1.9690924068519366,1.7296458774068884,1.9384553805035483,0.41505429149581535,-2.5748583575152555,-54.959351775
2.1343237384662155,2.008613533674966,2.0211632152487957,2.0820664023841404,0.17586718852421807,-1.7213895806463688,-54.949643392
2.1372505020517485,1.996016178955518,1.8974033647591633,1.8902551260591227,0.5557493865637995,-2.5342543890060822,-54.957823786
2.026697721838509,2.133185773600871,1.7012143454477022,2.1368471420624253,0.2822956011692366,-2.930360271156283,-54.94387008
1.8253060373387107,1.8800599291155249,1.9168883617913428,1.8407327712969082,0.38462226852854714,-2.877115079146516,-54.957028919
2.023906126518654,1.9097514678745104,1.8355172751981705,2.0237778882775124,0.6295088163963354,-2.590536337657315,-54.962152009
2.0021410290166917,1.9083485762617496,1.8336917299042457,2.071918375481792,0.3471428370769371,-2.7929688224321065,-54.95510844
2.058968072191707,2.0771726259242667,1.83888801288353,1.9718385878638196,0.402785711616164,-2.7598627760160293,-54.954370477
1.9929877430333296,2.0712564179973887,1.7896325938097772,2.17610890206829,0.327667490224219,-2.6947420784609952,-54.947731675
1.8991814736442454,1.9489500331337253,1.8613717328256694,1.9063951237190064,0.38745508068342255,-2.789816000160763,-54.95973746
1.9873868801933334,1.8682553593787816,1.644050191131024,2.068928888221933,0.529092213385774,-2.8103871410248518,-54.956419203
2.1879706663637397,1.9270640882951455,2.0145929153154607,1.8377327219240185,1.0139129830568248,-1.7323093262979605,-54.963052301
1.9832006948656784,1.9000429714448137,2.0139216091419976,1.9538978724474432,0.5654641608265133,-2.5704462691167675,-54.964738794
1.7590859683148241,2.0741063029933304,1.7496333345759036,2.1329588981681713,0.4337050076885118,3.1387058714602794,-54.944072482
1.9161945620326961,2.021048952290205,1.5397114452055198,1.9170632200856912,0.9111045831174869,-2.80402933070347,-54.96643149
1.9274896523481169,1.9505579816919965,1.8303765643372818,2.009060817222748,0.4220362495368735,-2.8555279176140616,-54.958835101
1.7545728196748474,1.8896649900544713,1.7096119036862865,1.953041125931288,0.5274903293664556,-2.6147226335758256,-54.955816001
2.079234023325329,2.1818926186862493,1.8504183132594694,1.889736857049202,0.5964094147051169,-1.908476999367213,-54.953817311
1.9381265120497948,1.8430854776485464,1.7882958290681785,1.9566828560349483,0.4936785133338072,-2.678278154982944,-54.960205294
2.277912840047903,1.9556971785434782,1.6903274111090076,1.8763075345020859,0.5287858305939726,-1.3491570359002045,-54.945627569
2.139548079493045,2.074603991708074,1.7300136245835442,1.9668790584436429,0.4768055422590167,-2.6274562305087845,-54.952181985
2.0836036935161335,1.9083478198625108,1.9903848950635514,1.9334506625530472,0.3452775944202767,-2.6393038237542106,-54.95781658
2.080283423528724,2.0190048640896223,1.8764711076625935,1.845907370488037,0.44477113865675216,-2.83562131585442,-54.955318318
1.9629349955018964,1.9501435009922308,2.0946845489329466,2.0688852283946444,0.11819439726387145,3.1259727929298284,-54.955942408
1.9434299731448046,1.9963556244673906,1.7139561674167425,2.212714116176789,0.35427903333040484,-2.7764000552851202,-54.947858324
1.8720492273733607,1.8829107192623389,1.776573171892809,1.9585390598829684,0.29721755922717563,-2.559048122228174,-54.956872364
2.3606083193283713,1.8746920185006775,1.7053728788863591,1.8861661826401495,0.6691942100559773,-2.3808746609027573,-54.946809088
2.047945008609171,2.096591064554705,1.7137987384996238,1.9164904054359557,0.6214953524720156,-2.6606547515590866,-54.957924872
1.996671794590258,1.9935618845540464,1.8112126946200011,1.896109829821065,0.6416516218907721,-2.783885023231117,-54.962619243
2.0178709139809112,1.964599635625413,2.377320988498769,1.9448005953373888,0.7731312576227025,-2.0831908990044345,-54.970257038
1.9535710407888065,1.870375862140106,1.6191679073258085,1.7455459810235538,0.27041978815434636,-2.941052180539863,-54.947983242
1.9090580997677533,2.077743085163679,1.6300477869868313,1.908254201536666,0.4934260333761231,-2.7050667443784917,-54.957021087
2.130657919619675,2.2034288170580045,1.7116631860140943,2.083411803246015,0.7278012880098507,-1.970497580488145,-54.949031922
2.1725152233956724,1.9740195215276934,1.7427587831828983,1.823377011839196,0.36444704463494965,-2.5554593080404255,-54.949344542
2.051530065689384,2.163745363502641,1.8695820689175038,2.127508278850343,0.3026065877998596,-2.7416230506168424,-54.945131135
1.8587934154621835,1.8354693196303642,1.7645409614315695,2.0158248227585025,0.5209680236226938,-2.6636334635366175,-54.958516994
2.0964273935079136,1.9575013851211862,1.6196866545617534,1.869535507431319,0.43609472463238763,-2.362269673738799,-54.954774789
1.76944688766346,1.8434268483276102,1.6600416863216165,1.7989111421147261,0.4128231661307211,-2.777788724769078,-54.950040657
2.101769243349357,1.8963214648649556,1.8115984511666865,2.206113258496802,0.550390113211616,-2.661240751989814,-54.949816324
1.939908566892472,2.1724051457394116,1.7879817581590223,1.9613566727207987,0.4200660570634979,-2.7204699564236656,-54.952882059
2.1699095894744245,1.9196325325499592,1.7091135033245457,1.9367548301017423,0.5461302488719018,-2.7310705585851993,-54.954481798
2.1188273407392546,1.9234432658126233,1.9701681264204307,1.8766876354235609,0.46328083535384196,-2.736837312640244,-54.957374369
1.8592895262141151,1.9013875705508536,1.779282804369855,2.013860377265722,0.5468352018586433,-2.421062214622944,-54.961268119
2.006199474850312,1.9443358041442758,2.1145654724029765,2.0381297509944662,0.5342740654890737,-2.7382297042780093,-54.962348716
1.882382973715352,1.982677268100443,1.7462652275108161,2.029424059619073,0.5446151193317857,-2.8505595798730736,-54.959097623
1.9170434169425068,2.0831358476096278,1.9070274724399774,1.9966799089910712,0.5570216573725975,-2.6369326083454694,-54.960180964
1.87176272731445,2.048564609017271,1.6248431523298852,1.9960321315477025,0.5053243603563957,-2.7087306832127553,-54.957007094
1.88854502991057,2.0448594033688896,1.8116675664289448,2.1285218212360655,0.2813983130017023,-2.8798658345927213,-54.949985915
1.9297008302205532,1.9997178470838435,1.7321192754665597,2.0468717138735766,0.5256670082933104,-2.8860332894261007,-54.957921168
1.9583964995635241,1.948600157862338,1.743098315282915,1.8085837339941768,0.37220918009167736,-2.6522720781541924,-54.955989919
1.9742729339145366,1.9589254308399648,1.9151913473698767,1.8906812775080153,0.4195054594048474,-2.637459267319125,-54.96092079
1.9323796806326943,2.0179419028329715,1.8677964435575476,2.0504036265143073,0.2717947443862532,-2.636539995678518,-54.955027594
1.9524964070857944,2.075698047218442,1.7419698298043602,2.088379324156725,0.40002781365359663,-2.8457423082246334,-54.952197019
1.9176887182880904,1.8784385915745812,1.8776153498809482,1.8284226777578216,0.3382179745164714,-2.518420029245464,-54.957968342
2.128532312098782,1.9491651426886243,1.9215453421579576,1.997714945918167,0.32257730721914213,-1.3786015952328412,-54.952978165
1.985520692022271,2.1185236061507893,1.7258941232214455,2.1281568811745646,0.29886273431107296,-2.955552941780186,-54.946202446
1.8314853488567386,1.9006031467537565,1.7843832543638107,1.9398570524112495,0.4545231784986963,-2.629944725504795,-54.959244651
1.8962006943639869,1.9769473448603405,1.6245767701799385,1.83333714982455,0.6906648864197119,-2.5737894677697244,-54.962730627
1.8782138998061053,1.9071814790480914,1.933895603162058,2.0138879408073667,0.6295573914813671,-2.594491231224575,-54.964184973
2.1000770726185447,2.0854941926162796,1.86130950899149,2.0027983120735513,0.257759185666756,-2.541095404918287,-54.950151757
1.8764532386345691,1.9100025757109491,1.609674675544474,2.040756454943048,0.40784852407580985,-2.934666058151159,-54.954913069
1.8922703948290587,1.99619191315118,2.1115206271027724,1.9632649517595675,0.18063826242863196,-2.6200676000427645,-54.959431573
1.8445466024994686,1.7850663073071105,1.8591769311806596,1.7973131167133944,0.5185275288160714,-2.6538659690067337,-54.955230955
2.0480354678683947,1.9675049278881405,1.623628111694627,1.9073357252778373,0.551143299988338,-2.587472088767765,-54.959191352
2.1026628459611305,2.017722969869172,1.6723646077088408,1.9137704371433417,0.40374439994672945,-3.056310597350207,-54.951853786
2.0271591538152767,1.904779491449365,1.976048298609423,1.8996456388812288,0.382333145142792,-2.6828398192968845,-54.959892351
2.031854683727386,2.028951688813584,1.8965734804458627,2.047864011723771,0.4142044736549999,-2.764509710110341,-54.955798534
1.9411354705940262,1.9862504595576669,2.0463188402988477,2.150324227826207,0.3879798748644276,-2.813966915075802,-54.955494988
1.8446994336559348,1.8224293704373862,1.7872378665704158,1.8090669348522508,0.47308775264181696,-2.5773933092861805,-54.956156314
1.906370944430399,1.9516209918445113,1.7426876190429126,2.0468994126758515,0.565529528681103,-2.4686174073646416,-54.961042237
1.8990793391444025,1.9477019283528465,1.808646474498897,1.9816633410476072,0.3423806824510175,-2.5007426792467147,-54.958518934
1.8843509441357733,1.9124945788290673,1.8285910629788922,1.8834818240395177,0.3533242527235807,-2.9375398465794236,-54.957942934
1.9941529277986383,1.9730574212634755,1.878548752323733,1.9344153118802252,0.2697025031684116,-2.6266316098064753,-54.957419187
1.9339770994666894,1.974768054901155,1.4763990610891098,2.1652015133018367,0.43378966730194024,-2.453840236711964,-54.950462139
2.1106904852394965,2.008003509337895,1.6356836216209436,1.913219081117188,0.39023961262764373,-2.4518654310015124,-54.952998536
1.9239711062126468,2.006035976004598,1.811855588643646,1.9336828707720533,0.6937540432120075,-2.526618712446951,-54.965456346
1.8008080149909778,1.9958098128646664,1.650877821339955,2.0650631817801997,0.4425570019892922,-2.8434945266194167,-54.952342178
1.8426676762436571,1.9637208647202455,1.7622934974652054,2.0038683319307005,0.5615106208781936,-2.8043350793982804,-54.959789479
2.0132933718448163,1.9632272627081666,1.6815404518645098,1.858683399422657,0.6880693690955756,-2.672549182896745,-54.962545263
2.1031255109508504,2.016514114194799,1.968162053074693,1.828503263259021,0.5979787502039521,-2.591760653848093,-54.958413685
1.8663376533828422,1.906464235787687,1.8419834881458919,1.8317206165571385,0.46738255897574027,-2.471589687641807,-54.960022281
1.9082241117192904,2.139791801520187,1.8365258630998598,2.017608671525359,0.8341027350401374,-2.7558654979217576,-54.961225333
1.8339817039356228,1.8624473577515013,1.6941217788341905,1.9583507692143587,0.37410863138249756,-2.9506637033930696,-54.955083094
1.8163183549450814,1.7987190911599282,1.8046109678009254,1.8246480309438868,0.4142288618069372,-2.6250195737654116,-54.953672424
1.950236298902823,2.074557182305594,1.758609706495844,2.06525817836901,0.35687583289111924,-2.554453983017067,-54.953237604
1.8932923597042837,1.9537212210755213,1.6913167840748675,2.024959330003666,0.7014095144805245,-2.6067901050764197,-54.963577008
2.1915599302383972,2.055037837073607,1.484079364909514,2.0011898377564243,0.41508167926090533,-2.66779306292941,-54.945989036
1.9074697267959506,2.0057263209225886,1.7795623768627087,1.9851031065025666,0.5931856957141948,-2.6670193735653105,-54.962080083
1.8882621374446091,1.8988333057875995,2.124968840852419,1.8567644969763264,0.44327863443482546,-2.613425944204808,-54.963405246
1.9319569811142545,1.8049999721082182,2.016526315058204,1.9578862153897167,0.5988628304515339,-2.6768379680700605,-54.962712184
1.9547435562535513,1.919503967594195,1.8900393953433368,1.8138471164016674,0.35742032902250753,-2.4942842250329296,-54.958114636
1.8238284289512698,1.862029446641658,1.646553943105285,1.8888282107412016,0.6507898511643457,-2.3124953384310154,-54.961757979
1.9861993656233317,1.9808611049679938,1.8455026105907546,2.0764746096366133,0.5915501743988562,-2.612659742649656,-54.960278008
1.9691495678879318,2.1245217843538757,1.721782200619507,1.9868306833532818,0.8210644959570002,-2.422009168297622,-54.962960602
2.047024666913889,1.994937220145307,2.075153049312409,1.9480029722259553,0.16130748928602004,-1.3121703722936304,-54.956359047
2.019728772487127,1.9932524209020948,1.8812068692891193,2.00138655698724,0.7145620874959199,-2.6422092903204324,-54.963948498
1.8819461283875831,1.9313363552197875,1.7132444864659935,2.0244326302545383,0.4464133944363857,-2.6579731438362186,-54.958196138
2.001080431826591,1.9927344935334332,1.8299763417245647,1.9487600987106322,0.26098308232224415,-2.595325627734929,-54.956123304
1.8636010724622893,1.843902531921625,1.739399741781813,1.933031498406279,0.7215099264086593,-2.7285891160342586,-54.963651614
1.945760265556313,1.9523193506077607,1.8542261228522843,2.0232599665762256,0.45854547504183496,-2.5809724705432604,-54.960359339
1.9327045477172253,1.9413082382728188,1.805785156344405,1.92452648473749,0.4238561395047381,-2.888302516087221,-54.959591041
1.8577486890996926,1.9361391735821234,1.8069803024433715,1.9609293096693918,0.5278858852022638,-2.813458887581998,-54.960869953
1.9582167184045791,2.080999093268206,1.8236156379080717,1.857582292826944,0.3607597513329699,-2.6776159829754507,-54.955238479
1.9960795011296761,2.098562883142556,1.7307266754393822,1.9290863325668903,0.920573096382586,-2.50942422226206,-54.965689728
1.9866915830531382,1.8821216358699564,1.5804741379704534,1.9515940901623816,0.47036507189828664,-2.6637606478529214,-54.958230344
1.9154664702963955,2.149297818729211,1.5660133227230877,1.8998201227594533,0.6767808896156885,-2.7096485547573406,-54.957688855
1.9539727794056303,2.065124154689776,1.5997365041931826,2.1984422409996762,0.34660949431348786,-2.917874836801966,-54.94492924
2.0173105556829913,2.115876299397321,1.6981767545128832,1.8162718095368633,0.3560246505782353,-2.3393559184963246,-54.950341941
2.0231919946237387,2.0423880549951265,1.6340668720507203,1.851306949113531,0.4225797983678596,-2.5355866704420142,-54.954681496
1.889068617091968,1.9876626750685926,1.786775188906189,1.968276674973081,0.7410428462452839,-2.610642231496728,-54.965686331
1.989291416502387,2.0103730523841947,1.8568572598588025,1.9301127150839164,0.44838614936795584,-2.5595331715997585,-54.960152543
1.7544326679611901,1.901503699063649,1.7347674890513336,1.8498106701500323,0.6620012831168822,-2.469277786603418,-54.958544989
1.9662546360499376,2.080584691378772,1.7358536270798361,2.1591595001557122,0.7799698569458114,-2.5436229889597266,-54.957556004
1.8803100655592973,1.7883532837912086,1.5293596755304522,1.9038324227535806,0.3902482263641342,-2.7797839464406544,-54.953101152
1.8087552911631093,1.8867163249162908,1.673076447130522,1.9261856421780275,0.460770225974551,-2.6324328456270973,-54.957305707
1.8639870905259768,2.0791281411226255,1.5806500347475148,2.04525188445312,0.6929511512656852,-2.6313672814167446,-54.9585958
1.8463795916274088,1.944873263196886,1.8903276540700051,1.913456022218715,0.25199104659625626,-2.8957203269575373,-54.956625568
2.010152781518925,1.9389205866867572,1.600551065425218,1.9933958887135557,0.5235214356595795,-2.8060546230032593,-54.958245838
2.006035980308099,2.167387585180253,1.7573854252418086,2.0021405130119088,0.47889463231504115,-2.5572539254635465,-54.952992314
1.9062724003885907,2.072549653108446,1.7933513070476574,2.0246481370126226,0.7168545919474921,-2.5412611847228046,-54.962387126
1.9269320815506739,2.1121206749810093,1.7426657923785218,1.8867328438015603,0.4380036878956536,-2.6367617616649293,-54.955590421
1.9681645056238082,1.9755438661032099,1.9302975227319936,1.9836790396440205,0.5922083036650906,-2.4313491410743646,-54.964554313
1.9336262227428722,1.9936255875051947,1.9390234781274847,1.8260267730265047,0.34018414906665423,-2.6767309000324566,-54.957932991
1.9077737237916677,1.964651848317821,1.8192236961372479,2.0232547264602845,0.34851886237814195,-2.6172059117284006,-54.957571814
1.9576847166838522,1.9205882408234034,1.6194319619398345,2.0824842125118193,0.5143686180108059,-2.4875903180697527,-54.95745768
1.9029046075900762,1.9540288353122766,1.723287369483425,2.113039787622668,0.26243189808836226,-2.738350700164671,-54.951507804
1.9464800557466206,1.9143346949019509,1.5927072114289067,1.9707549705644338,0.5743857551860994,-2.5892018872133864,-54.961490399
2.1043633177581653,1.9286733428076182,1.9208665637407492,1.8842073912680537,0.8434343536687278,-2.6526756271249465,-54.9643045
1.9350518700711392,1.8080454283920195,1.7265932672507427,1.8590439302464874,0.5702412231080907,-2.490944921809653,-54.959893914
1.9630117490503296,2.0007415954520607,1.9640565214508687,2.0054499355308506,0.20621986542780982,-2.671845695754247,-54.956600941
1.9899818935737965,1.979743394572284,1.6391995211999504,1.8876949043035098,0.5333089995152014,-2.617965101908641,-54.959976989
2.1843037035418282,2.043851206293447,1.7333495355634894,2.2877814127608307,0.5567182555182554,-2.6089886161670877,-54.939766434
1.977088965987943,1.9252455373640025,1.5429647621769824,1.87689810680386,0.6598581633045619,-2.6255105322225467,-54.962519544
1.9398717679898336,2.0618749682739073,1.5860886999065136,2.002387066674076,0.42406472536694895,-2.788240700351588,-54.954554206
1.9425436275816734,2.0929618161255856,1.7528682632385244,2.1071014192613284,0.31534970622186576,-2.9603400512322633,-54.949079729
2.0102143349409975,1.9313019815764634,1.9241083757906448,1.9923992950806233,0.5206527750296254,-2.583235857313529,-54.962075367
1.8645764264901257,1.8102566229332753,1.8456507664647235,1.9498278739766548,0.5766380622478184,-2.744740707444289,-54.960301609
1.9266471240485552,1.9573217605567568,1.8458255138215705,2.0256103866546877,0.5049130538889194,-2.731036069405602,-54.960570958
1.787829924987491,1.8526525297021095,1.9230580180399672,1.9930730512321733,0.7189503714425659,-2.5450614525116415,-54.962165864
1.9538936946568704,2.0651853468352055,1.9196439703554593,1.9788240869243063,0.40790554148762664,-2.6486079503993207,-54.958334281
1.9388619034309578,2.1179510596697804,1.8864475233836429,2.0500277542630654,0.4171224427820145,-2.695208617659605,-54.954436692
2.1223072901638713,1.9751987383792557,1.67806902717987,1.8573330490599507,0.7301150149102512,-2.505303755424653,-54.959951607
1.9743518710563577,1.931668235389171,1.6306387985407276,2.032732244171714,0.439071312711383,-2.7621820478205823,-54.95664076
1.7308463982742057,1.8378678338240022,1.9666462066046584,1.7214376085831091,0.65056210694149,-2.3368478369732686,-54.950129592
2.046215673466172,1.9707695640391687,1.5444917459840781,1.923463224363606,0.472271886483266,-2.86611061395209,-54.955905916
1.9071965937495508,1.8205802377058855,1.8361424806964375,1.9102649096390703,0.18236529737487556,-2.653516399045469,-54.954405752
